{
	"info": {
		"_postman_id": "bce9193c-8f35-4a7c-9246-91be14501f0a",
		"name": "Odontologia",
		"schema": "https://schema.getpostman.com/json/collection/v2.1.0/collection.json"
	},
	"item": [
		{
			"name": "odontologo",
			"item": [
				{
					"name": "crearOdontologo",
					"request": {
						"method": "POST",
						"header": [],
						"body": {
							"mode": "raw",
							"raw": "{\r\n    \"id\":\"1\",\r\n    \"nombre\":\"lucas\",\r\n    \"apellido\":\"zarandon\",\r\n    \"matricula\":\"1234\"\r\n}",
							"options": {
								"raw": {
									"language": "json"
								}
							}
						},
						"url": {
							"raw": "http://localhost:8080/odontologos",
							"protocol": "http",
							"host": [
								"localhost"
							],
							"port": "8080",
							"path": [
								"odontologos"
							]
						}
					},
					"response": []
				},
				{
					"name": "listarOdontologos",
					"request": {
						"method": "GET",
						"header": [],
						"url": {
							"raw": "http://localhost:8080/odontologos",
							"protocol": "http",
							"host": [
								"localhost"
							],
							"port": "8080",
							"path": [
								"odontologos"
							]
						}
					},
					"response": []
				},
				{
					"name": "listarOdontologoxId",
					"request": {
						"method": "GET",
						"header": [],
						"url": {
							"raw": "http://localhost:8080/odontologos/2",
							"protocol": "http",
							"host": [
								"localhost"
							],
							"port": "8080",
							"path": [
								"odontologos",
								"2"
							]
						}
					},
					"response": []
				},
				{
					"name": "eliminarOdontologo",
					"request": {
						"method": "DELETE",
						"header": [],
						"url": {
							"raw": "http://localhost:8080/odontologos/1",
							"protocol": "http",
							"host": [
								"localhost"
							],
							"port": "8080",
							"path": [
								"odontologos",
								"1"
							]
						}
					},
					"response": []
				}
			]
		},
		{
			"name": "paciente",
			"item": [
				{
					"name": "crearPacientesSinDomicilio",
					"request": {
						"method": "POST",
						"header": [],
						"body": {
							"mode": "raw",
							"raw": "{\r\n    \"nombre\": \"paciente\",\r\n    \"apellido\": \"numero 1\",\r\n    \"dni\": \"12345678\",\r\n    \"fechaIngreso\": \"2009-09-20\",\r\n    \"domicilio\": null,\r\n    \"turnos\": []\r\n}",
							"options": {
								"raw": {
									"language": "json"
								}
							}
						},
						"url": {
							"raw": "http://localhost:8080/pacientes",
							"protocol": "http",
							"host": [
								"localhost"
							],
							"port": "8080",
							"path": [
								"pacientes"
							]
						}
					},
					"response": []
				},
				{
					"name": "crearPacientesConDomicilio",
					"request": {
						"method": "POST",
						"header": [],
						"body": {
							"mode": "raw",
							"raw": "{\r\n    \"nombre\": \"paciente\",\r\n    \"apellido\": \"numero 1\",\r\n    \"dni\": \"12345678\",\r\n    \"fechaIngreso\": \"2009-09-20\",\r\n    \"domicilio\": {\r\n        \"calle\":\"falsa\",\r\n        \"numero\":\"123\",\r\n        \"localidad\":\"GodoyCruz\",\r\n        \"provincia\":\"Mendoza\"\r\n    },\r\n    \"turnos\": []\r\n}",
							"options": {
								"raw": {
									"language": "json"
								}
							}
						},
						"url": {
							"raw": "http://localhost:8080/pacientes",
							"protocol": "http",
							"host": [
								"localhost"
							],
							"port": "8080",
							"path": [
								"pacientes"
							]
						}
					},
					"response": []
				},
				{
					"name": "listarPacientes",
					"request": {
						"method": "GET",
						"header": [],
						"url": {
							"raw": "http://localhost:8080/pacientes",
							"protocol": "http",
							"host": [
								"localhost"
							],
							"port": "8080",
							"path": [
								"pacientes"
							]
						}
					},
					"response": []
				},
				{
					"name": "listarPacientexId",
					"request": {
						"method": "GET",
						"header": [],
						"url": {
							"raw": "http://localhost:8080/pacientes/2",
							"protocol": "http",
							"host": [
								"localhost"
							],
							"port": "8080",
							"path": [
								"pacientes",
								"2"
							]
						}
					},
					"response": []
				},
				{
					"name": "eliminarPaciente",
					"request": {
						"method": "DELETE",
						"header": [],
						"url": {
							"raw": "http://localhost:8080/pacientes/1",
							"protocol": "http",
							"host": [
								"localhost"
							],
							"port": "8080",
							"path": [
								"pacientes",
								"1"
							]
						}
					},
					"response": []
				}
			]
		},
		{
			"name": "turno",
			"item": [
				{
					"name": "listarTurnos",
					"request": {
						"method": "GET",
						"header": [],
						"url": {
							"raw": "http://localhost:8080/turnos",
							"protocol": "http",
							"host": [
								"localhost"
							],
							"port": "8080",
							"path": [
								"turnos"
							]
						}
					},
					"response": []
				},
				{
					"name": "crearTurno",
					"request": {
						"method": "POST",
						"header": [],
						"body": {
							"mode": "raw",
							"raw": "{\r\n    \"id\":\"1\",\r\n    \"paciente\":{\r\n        \"id\":\"1\"\r\n    },\r\n    \"odontologo\":{\r\n        \"id\":\"1\"\r\n    },\r\n}",
							"options": {
								"raw": {
									"language": "json"
								}
							}
						},
						"url": {
							"raw": "http://localhost:8080/turnos",
							"protocol": "http",
							"host": [
								"localhost"
							],
							"port": "8080",
							"path": [
								"turnos"
							]
						}
					},
					"response": []
				}
			]
		}
	]
}